0,fr5x,900
1,73pcn,897
2,ass2,894
3,bnarh,891
4,f58dw,888
5,q02y,885
6,75u6,882
7,tlo0,879
8,mak1,876
9,1lq8,873
10,m0fud6,870
11,9f1p4,867
12,nx60uf,864
13,grzr0,861
14,de66z,858
15,wogrj,855
16,2lxa,852
17,fjuxop,849
18,1b5n2,846
19,qy8yp,843
20,msay,840
21,uo4q,837
22,8g05rt,834
23,jz4gh7,831
24,wosrrw,828
25,yaavc6,825
26,mjk6tl,822
27,t4cf,819
28,occ0r9,816
29,3plap2,813
30,5trox,810
31,m0a2e,807
32,o18s,804
33,tpx7mp,801
34,9hnojq,798
35,xwk57,795
36,huxmm,792
37,hbkhtm,789
38,fh5x,786
39,80qgq,783
40,kp65,780
41,y08f,777
42,9w0xw,774
43,3jfb,771
44,mlvjh1,768
45,onit0,765
46,13tw0,762
47,f1xhu,759
48,ll2me,756
49,rv2q,753
50,s30o5s,750
51,u3z8fw,747
52,ijyrn,744
53,wm19,741
54,2pwp,738
55,diz5cu,735
56,vc9gu,732
57,svpot,729
58,yte1,726
59,whfny,723
60,x989,720
61,qz2ol,717
62,2r9ng,714
63,a10s,711
64,09ov5k,708
65,wmgip9,705
66,rzbt,702
67,zuqs2,699
68,mrug0,696
69,0b2y,693
70,knlq1,690
71,f2zm,687
72,4ao9,684
73,a3m9d5,681
74,zs2t,678
75,vygat1,675
76,k079c,672
77,mzrp0,669
78,o9g20,666
79,hd137,663
80,6anfle,660
81,vsvup0,657
82,2tc5m,654
83,0ubk,651
84,880w87,648
85,b9wit,645
86,vrzm,642
87,4qvove,639
88,tg6ynh,636
89,xnlmu,633
90,qu73,630
91,ynf5fx,627
92,8x6ao2,624
93,usa7,621
94,j83jvy,618
95,ad90v,615
96,g7iq,612
97,qhro,609
98,7brez,606
0,w3vpq7,900
1,7t3n5,897
2,ilho2,894
3,s6m98,891
4,ijotus,888
5,7eyck,885
6,jup2,882
7,k4vxu4,879
8,yx68,876
9,b7c1,873
10,lvwg,870
11,3tgkh,867
12,yxxr6b,864
13,xtn1b4,861
14,hfoskm,858
15,h5tdzd,855
16,w2zj8,852
17,0ob8d,849
18,narhd,846
19,ed9l9b,843
20,djnv5,840
21,1f1m,837
22,351obh,834
23,wwpx,831
24,1pn02p,828
25,iv1s,825
26,s63p,822
27,r1b8,819
28,e0ga,816
29,tzqc7,813
30,9ae2wv,810
31,ob12w,807
32,7eqwe,804
33,k8pkh,801
34,f92hw4,798
35,hapf,795
36,hw0ui,792
37,3gsa,789
38,bjhc,786
39,3iu0x7,783
40,qsdi,780
41,x83o,777
42,2qzo,774
43,37klen,771
44,jyf1,768
45,cprc,765
46,o1m2c,762
47,pdyvo5,759
48,54f1,756
49,dbqwk,753
50,66fjs0,750
51,2lc8,747
52,8fmod,744
53,u61r5,741
54,6embdx,738
55,0fkjs,735
56,abr8,732
57,9d9o7n,729
58,i97q,726
59,golrg6,723
60,hbad,720
61,65t484,717
62,4rzgyx,714
63,orc4d,711
64,ake6n7,708
65,snk03,705
66,7kptj5,702
67,15gr,699
68,o4vk0,696
69,aeaec,693
70,n6s7h,690
71,73mm,687
72,k0no7,684
73,waj57o,681
74,sdw6sv,678
75,z7nm,675
76,lxl9t2,672
77,hdp3vj,669
78,abszhb,666
79,dhkg41,663
80,arq26q,660
81,u2jo,657
82,mqhtn,654
83,22tm,651
84,se71lm,648
85,td7k8j,645
86,2znb6,642
87,fi44,639
88,s67tvr,636
89,e2qt0,633
90,0xtamz,630
91,dgrc79,627
92,x0jpkl,624
93,m1dozt,621
94,sf2h,618
95,5zjn,615
96,yw2i30,612
97,08sa,609
98,rar9p,606
0,hvwwz,900
1,yfhu9w,897
2,o36rft,894
3,esvk7e,891
4,6lawyf,888
5,x80ben,885
6,xwpu,882
7,ev0oo,879
8,4vq19,876
9,tlk5,873
10,bzqil,870
11,8fd9,867
12,qe9zu6,864
13,bjah,861
14,9ban,858
15,x9w4,855
16,7u03a,852
17,rat5,849
18,fqj0db,846
19,t9xs90,843
20,f4ta,840
21,x8lm4f,837
22,3jvzo,834
23,akqq,831
24,lyxxu,828
25,qwb7y,825
26,0xlpzq,822
27,h7vkkq,819
28,suke86,816
29,mr6f,813
30,ldxb,810
31,wan26s,807
32,xdgr,804
33,1f6a,801
34,ftpoyx,798
35,52714,795
36,1nlr,792
37,kmdnwm,789
38,1uvceu,786
39,o9n8h,783
40,1omj,780
41,li3a,777
42,e6b96,774
43,5663lq,771
44,01ax5k,768
45,4ti8,765
46,2l6zi5,762
47,985gd,759
48,9nz8,756
49,lhizzw,753
50,bjzw7e,750
51,amjpuo,747
52,uu6zv,744
53,ibzub,741
54,8xohjp,738
55,lu50a,735
56,91zcqo,732
57,wr5wfo,729
58,w4fv8,726
59,xvta,723
60,uhmav,720
61,nju01w,717
62,i3dzo,714
63,vf3w15,711
64,nv3e,708
65,frxq,705
66,x5utq,702
67,qwjxi,699
68,qy2ka,696
69,p95t,693
70,8ycpfv,690
71,u205a9,687
72,9hns,684
73,rt0vb,681
74,vphcjj,678
75,l6rzn,675
76,jyxd4,672
77,pcq50b,669
78,vf92t,666
79,q6g9q,663
80,pstde,660
81,66seo,657
82,0s34,654
83,cj93,651
84,ez4c,648
85,dkr0,645
86,1l7se9,642
87,r2hgt9,639
88,tomdl,636
89,na0j6,633
90,4tlqs,630
91,fnvzln,627
92,7q2b6w,624
93,wv1kuz,621
94,6kbn95,618
95,wb49,615
96,thdr9,612
97,ol71h,609
98,4we9l,606
